y_val,stage,reward,step
5.496010780334473,0,-0.9456152021884918,11
5.252758502960205,0,-0.936183112859726,13
5.257407188415527,0,-0.9214427828788758,12
5.459225177764893,0,-0.8824956685304643,14
24.22207260131836,2,7.7984912395477295,48
13.890201568603516,1,3.1390091985464093,30
24.18539047241211,2,7.745679622888568,51
6.231827259063721,0,-0.7792488858103752,15
14.00917911529541,1,3.073266237974167,31
5.252561092376709,0,-0.925779466331005,15
5.253549098968506,0,-0.9147992163896559,14
6.200052738189697,0,-0.7583300769329071,15
5.262285232543945,0,-0.9833951413631439,14
5.249643802642822,0,-0.9056315779685971,13
5.250106334686279,0,-0.9874258309602737,11
5.353151798248291,0,-0.9665494352579116,15
15.114530563354492,1,3.2319978207349775,33
24.163772583007812,2,7.852036127448079,48
5.223679542541504,0,-0.9327288627624513,13
5.297128200531006,0,-0.9623680293560026,13
24.201414108276367,2,7.799089968204504,58
17.91002655029297,2,6.54193254709244,40
5.9065470695495605,0,-0.861111295223236,12
5.338400363922119,0,-0.8959061026573178,14
5.249297142028809,0,-0.9627512007951735,14
14.16142749786377,1,3.075993990898132,29
5.257638931274414,0,-0.9408451691269875,11
5.279804706573486,0,-0.9563344597816468,13
14.502908706665039,1,3.2347012639045714,32
18.496212005615234,2,6.615278504788876,38
24.1932315826416,2,7.823025697469708,56
5.2502617835998535,0,-0.979083290696144,13
5.247706890106201,0,-0.9251125276088712,14
14.064081192016602,1,3.0995803356170653,31
14.081543922424316,1,3.0096366941928867,34
6.196033000946045,0,-0.7729051679372789,15
5.288005352020264,0,-0.9874812573194502,11
5.251527786254883,0,-0.9417753174901009,12
5.781592845916748,0,-0.8718970105051993,13
5.453917503356934,0,-0.9512657344341278,13
5.345671653747559,0,-0.8824271425604819,13
13.996479988098145,1,3.059156808257103,30
5.272231578826904,0,-0.9071821928024291,14
24.20347785949707,2,7.800477537512778,52
5.2585554122924805,0,-0.925151541829109,13
5.24876594543457,0,-0.9950884759426117,15
11.81517505645752,1,2.5867888212203978,28
5.321890354156494,0,-0.8858373910188673,14
5.41206693649292,0,-0.88709397315979,12
5.206187725067139,0,-1.0161499440670014,14
5.250126838684082,0,-0.9261686757206917,13
5.26345682144165,0,-0.890315769612789,14
17.135318756103516,2,6.442965483665466,36
14.033796310424805,1,3.021274277567862,30
5.253623962402344,0,-0.9319779247045517,15
5.252100944519043,0,-0.9759873926639557,12
5.337723255157471,0,-0.9425415217876432,13
5.364706993103027,0,-0.9792844772338867,13
5.257655143737793,0,-0.9169066756963731,14
23.497955322265625,2,7.602495443820954,49
14.097006797790527,1,3.1113293722271926,35
5.267641067504883,0,-1.0017829954624173,12
13.924964904785156,1,3.148468640446663,35
14.034690856933594,1,3.108008477091789,33
5.302102565765381,0,-0.9200783863663673,14
22.173431396484375,2,7.408661684393879,49
14.283145904541016,1,3.1639319762587554,34
13.972441673278809,1,3.1265181690454495,33
5.539170265197754,0,-0.9344372734427453,15
5.560540199279785,0,-0.9265638768672944,12
13.96171760559082,1,3.107711896300315,30
5.917783737182617,0,-0.8257456779479984,16
5.249401569366455,0,-0.9359753072261809,11
17.489673614501953,2,6.474896898865699,39
5.25186014175415,0,-0.9788404107093809,13
5.310731887817383,0,-0.9558450043201445,12
5.254532337188721,0,-0.9833537817001341,13
15.155462265014648,1,3.24438460469246,32
5.268507957458496,0,-0.9077242612838743,12
5.251182556152344,0,-0.9799043565988539,13
5.395993232727051,0,-0.9353590115904806,13
9.073236465454102,1,2.1069795250892636,24
16.9298038482666,1,3.670801594853401,34
5.252658843994141,0,-0.964075720310211,14
19.579570770263672,2,6.929378432035444,41
13.929985046386719,1,3.123811101913451,32
5.4105377197265625,0,-0.9130696833133696,16
13.965961456298828,1,3.0886920422315605,28
5.251687526702881,0,-1.015018218755722,15
15.10879898071289,1,3.2524753481149684,34
39.6246337890625,3,13.927595344185828,85
14.219999313354492,1,3.0817080497741705,31
5.235215187072754,0,-0.9686897099018095,13
5.248766899108887,0,-0.942763340473175,13
5.251975059509277,0,-0.9894772619009018,13
5.247676849365234,0,-0.997970902919769,13
24.204200744628906,2,7.7678263068199165,51
5.254132270812988,0,-0.9209271967411041,13
5.238758087158203,0,-0.97113037109375,14
14.968548774719238,1,3.264534762501717,35
14.007610321044922,1,3.0665058165788643,31
5.224130630493164,0,-0.9225780218839645,14
13.286511421203613,1,2.927637012302875,30
5.264469146728516,0,-1.1002671897411345,15
5.439496994018555,0,-0.8871756121516228,16
14.015711784362793,1,3.059475013613701,32
13.991999626159668,1,3.1241995006799694,33
14.72016716003418,1,3.247524216771126,35
24.228662490844727,2,7.693787205219271,53
9.062300682067871,1,2.120376917719841,20
20.450424194335938,2,7.034486699104312,47
13.998495101928711,1,3.012039309740067,31
5.483110427856445,0,-0.8773004382848739,14
14.048833847045898,1,3.0940382272005076,29
5.252573490142822,0,-0.9845751821994779,11
14.321592330932617,1,3.204224026203155,30
13.998702049255371,1,3.0382706314325327,29
24.21782112121582,2,7.802887140214441,53
24.34789276123047,2,7.8161338537931435,52
24.224735260009766,2,7.790099519491195,53
5.249680042266846,0,-0.9294988572597502,14
5.323868751525879,0,-0.9483647465705871,14
5.3797430992126465,0,-0.8965546607971191,16
5.251651763916016,0,-0.9747441500425336,13
5.639018535614014,0,-0.90834923684597,15
13.979216575622559,1,3.0830645561218253,31
23.706005096435547,2,7.678118416666985,54
5.44477653503418,0,-0.9012060597538949,16
24.222827911376953,2,7.767945092916486,50
13.951576232910156,1,3.1314608156681034,29
5.621087074279785,0,-0.9245310872793198,12
12.586238861083984,1,2.819643273949622,26
5.50475549697876,0,-0.8731840640306472,14
5.745389461517334,0,-0.8659873098134996,13
8.426753044128418,1,1.9742206633090973,17
5.39553165435791,0,-0.8961578175425529,14
24.240528106689453,2,7.774082946777348,49
10.973283767700195,1,2.507631614804268,24
14.134223937988281,1,3.0632902801036828,32
7.9716572761535645,1,1.8781276568770404,18
10.3408784866333,1,2.2834326088428494,23
24.18557357788086,2,7.8293365776538835,50
24.192543029785156,2,7.822510069608686,50
18.457067489624023,2,6.6408213041722775,41
17.5908203125,2,6.4217578977346434,35
24.24173355102539,2,7.826738077402112,51
14.576147079467773,1,3.2331235855817786,31
10.186251640319824,1,2.277952271699905,22
10.712959289550781,1,2.4507466852664948,28
5.6659674644470215,0,-0.8857261687517166,14
20.42693328857422,2,6.9630708307027795,47
5.437007904052734,0,-0.9216363668441772,13
20.478612899780273,2,7.0102173268795,46
15.562822341918945,1,3.379879960417748,32
23.097768783569336,2,7.567080533504486,46
15.204792976379395,1,3.2942504346370693,34
15.344870567321777,1,3.3187404692173006,34
7.711423873901367,1,1.8214290648698803,18
13.959181785583496,1,3.034612554311752,33
24.20736312866211,2,7.828754377365112,52
6.122947692871094,0,-0.8105673432350158,16
5.296321868896484,0,-0.9767107188701629,12
21.4471492767334,2,7.280128055810927,44
22.855180740356445,2,7.498708221316338,48
17.593921661376953,2,6.464923387765884,37
13.62716007232666,1,2.9276046574115755,29
5.278785228729248,0,-0.9218259632587433,13
24.191741943359375,2,7.829393827915192,51
12.681319236755371,1,2.8274973988533008,31
5.32725715637207,0,-0.8936672806739807,14
5.5144782066345215,0,-0.919286385178566,14
5.3062262535095215,0,-0.972481733560562,14
18.550207138061523,2,6.669672465324403,40
14.455657005310059,1,3.1167393341660494,32
22.293306350708008,2,7.355637431144716,46
5.249217987060547,0,-0.9320160239934923,16
5.823580265045166,0,-0.8280355781316755,14
24.26619529724121,2,7.7630731314420665,50
6.502864837646484,0,-0.6910056263208391,18
33.41096115112305,3,12.664260706305503,69
24.182838439941406,2,7.844289627671245,50
5.200860977172852,0,-0.9434010595083238,12
24.222679138183594,2,7.756989347934727,55
17.95791244506836,2,6.546285244822503,39
14.232050895690918,1,3.0759138882160206,32
5.530674934387207,0,-0.8994538992643355,12
13.973311424255371,1,3.1198597252368927,31
24.24766731262207,2,7.789633238315584,55
24.25406837463379,2,7.77628154456616,53
5.468072891235352,0,-0.948047450184822,13
4.64802360534668,0,-1.0976513862609862,13
24.255916595458984,2,7.753029537200925,51
20.383888244628906,2,7.014617890119551,44
24.253114700317383,2,7.753389944881199,52
5.363735198974609,0,-0.9812734842300415,11
24.257604598999023,2,7.782399329543113,52
7.758237838745117,1,1.833146369457245,19
5.249355316162109,0,-0.98530495762825,12
5.253979206085205,0,-0.9937978744506835,13
24.251176834106445,2,7.765967887639997,51
14.378178596496582,1,3.1219313591718674,30
11.3600492477417,1,2.5446796417236337,26
5.252056121826172,0,-0.9666371881961822,13
5.499372959136963,0,-0.978469717502594,13
6.181884765625,0,-0.7770902991294859,16
5.2588114738464355,0,-0.9608600437641142,14
14.313072204589844,1,3.0230140686035165,31
8.62751579284668,1,1.8953034341335298,18
20.26140785217285,2,6.94535183906555,45
27.376876831054688,2,8.34543400406838,57
5.2574381828308105,0,-0.9339021831750869,14
5.25172233581543,0,-1.0074362605810163,17
12.619614601135254,1,2.71831500530243,26
13.942426681518555,1,3.0726522237062452,26
24.264020919799805,2,7.771423137187959,50
24.23206901550293,2,7.760238710045815,54
21.50873565673828,2,7.2917239338159625,45
13.95984935760498,1,3.068202713131904,30
5.250696659088135,0,-0.9343648701906204,11
14.217169761657715,1,3.1648819118738167,32
14.259527206420898,1,3.014153161644936,31
5.261990070343018,0,-0.894462102651596,14
18.997516632080078,2,6.669542497396469,41
22.06021499633789,2,7.341093504428864,49
5.38685941696167,0,-1.0224186837673186,12
21.681550979614258,2,7.273474940657616,48
14.239141464233398,1,3.1303582936525336,29
9.741411209106445,1,2.25033737719059,23
23.312986373901367,2,7.573718589544292,49
13.994014739990234,1,3.0495446771383286,30
23.3521785736084,2,7.604198518395428,50
15.037958145141602,1,3.237020191550256,29
10.099678993225098,1,2.273818325996399,21
22.933639526367188,2,7.49892536997795,49
14.048389434814453,1,3.036431846022606,31
20.939374923706055,2,7.125198784470557,43
24.218425750732422,2,7.791530159115794,52
5.256786823272705,0,-0.9157566010951994,12
5.365549564361572,0,-0.8836498618125914,12
14.477645874023438,1,3.1246581912040705,33
5.288241863250732,0,-0.9269243121147157,14
5.37601900100708,0,-0.9822636038064956,11
24.263919830322266,2,7.8240631714463245,51
5.258032321929932,0,-0.9509419351816177,13
24.2343807220459,2,7.7290990710258445,51
15.290999412536621,1,3.352990818023682,34
5.253137111663818,0,-1.060783541202545,13
5.754454612731934,0,-0.8654347151517867,13
9.846207618713379,1,2.2250974684953695,20
15.064680099487305,1,3.264602619409562,30
14.050582885742188,1,3.077858781814575,31
14.301860809326172,1,3.160286157578229,34
14.992792129516602,1,3.290887954831123,32
24.181880950927734,2,7.89084805846214,59
5.253785133361816,0,-0.9423178896307944,15
14.315729141235352,1,3.134545555710793,31
24.30323028564453,2,7.767668418586252,50
24.211999893188477,2,7.789225840568539,51
11.10222053527832,1,2.5557086765766153,25
5.252011299133301,0,-0.9398347586393356,13
12.463397026062012,1,2.7354008018970495,25
23.432340621948242,2,7.581942775845526,53
5.379584789276123,0,-0.8855481296777725,15
5.389759063720703,0,-0.9092596143484115,12
14.011425018310547,1,3.0702117651700975,30
16.431425094604492,1,3.52202283143997,37
14.447975158691406,1,3.1443836331367505,36
5.25269889831543,0,-0.9934546113014222,12
24.283679962158203,2,7.82703398168087,48
24.174537658691406,2,7.816672256588937,53
24.199726104736328,2,7.7453801155090325,53
34.242610931396484,3,12.96542797088623,77
14.194138526916504,1,3.0768130034208303,30
24.33306884765625,2,7.793056631088259,49
2.4632530212402344,0,-1.5522767454385757,7
24.70377540588379,2,7.892919963598253,56
23.235118865966797,2,7.571819394826887,47
18.491823196411133,2,6.635667978227138,42
14.076543807983398,1,3.109633123874665,31
13.952275276184082,1,3.0944488584995273,30
26.729164123535156,2,8.225967928767203,55
21.050212860107422,2,7.1222716569900495,45
24.212295532226562,2,7.805526003241537,52
5.25602912902832,0,-0.9690197139978409,13
21.839309692382812,2,7.312400296330448,48
7.913990497589111,1,1.8538203507661821,20
5.496082782745361,0,-0.9925871014595031,14
5.342977046966553,0,-0.9417327836155889,13
6.9131083488464355,0,-0.6426619812846182,16
18.975027084350586,2,6.745492283999919,38
5.2199201583862305,0,-0.9175272345542906,12
24.23554801940918,2,7.671197208762168,50
7.967278003692627,1,1.8901446253061294,20
26.35123062133789,2,8.217742089927198,53
14.101969718933105,1,3.1023136973381034,31
5.613412380218506,0,-0.8891489624977111,14
5.259928226470947,0,-0.9854831159114836,15
5.465985298156738,0,-0.8832907825708387,16
14.01052188873291,1,3.0901539325714102,30
24.268627166748047,2,7.753365205228327,49
14.350682258605957,1,3.1531338930130017,31
15.580592155456543,1,3.2605152964591975,31
14.12178897857666,1,3.0963782370090485,32
21.479394912719727,2,7.220775058865545,47
24.495464324951172,2,7.877303117513659,54
14.023035049438477,1,3.0995040327310557,33
24.180788040161133,2,7.865062113106253,55
14.248366355895996,1,3.105353993177415,32
5.319129467010498,0,-0.9656826708465815,16
24.22416114807129,2,7.8251220747828505,53
15.254359245300293,1,3.2238534688949585,33
14.020292282104492,1,3.092239812016488,32
3.456758499145508,0,-1.3104503095149993,10
14.215740203857422,1,3.1200953245162966,30
12.79146671295166,1,2.770956265926361,27
10.558343887329102,1,2.425209778547287,24
25.620624542236328,2,8.107855024933816,55
14.349199295043945,1,3.08583702147007,33
12.330470085144043,1,2.6435780078172675,30
22.255680084228516,2,7.326702982187271,47
13.932016372680664,1,3.0662029564380653,32
20.21293067932129,2,7.040179488062861,44
17.546571731567383,2,6.486637067794799,40
20.325048446655273,2,6.973143443465233,46
5.6616363525390625,0,-0.881724490225315,13
24.219417572021484,2,7.798296639323233,51
15.926831245422363,1,3.432258525490761,37
24.253726959228516,2,7.85510686635971,53
13.996359825134277,1,3.1269925445318227,32
5.550082206726074,0,-0.9095464259386061,14
14.11014175415039,1,3.0817340403795237,30
13.67701530456543,1,2.9092688202857966,30
7.557490348815918,1,1.8057185143232344,18
5.665093421936035,0,-0.8588732808828352,15
13.333733558654785,1,2.9211784869432433,32
5.255582809448242,0,-0.9077185451984404,13
18.72477912902832,2,6.603921356797217,41
14.8848237991333,1,3.1015778958797453,29
24.19070053100586,2,7.800733292102816,50
5.430995464324951,0,-0.8966223567724227,15
7.725606918334961,1,1.8716883689165118,19
5.306719779968262,0,-0.9837718605995176,12
14.079075813293457,1,3.136400660872459,35
17.008769989013672,1,3.660818243026732,37
5.188692092895508,0,-0.902661707997322,14
25.355430603027344,2,8.004856599867344,54
24.19058609008789,2,7.764583602547646,47
14.281723022460938,1,3.074734467267988,33
14.644614219665527,1,3.2221287012100213,31
14.155598640441895,1,3.0800780326128008,33
5.338870048522949,0,-0.9494295865297318,12
18.567852020263672,2,6.693403366208077,41
24.198686599731445,2,7.755455932021139,50
5.285451889038086,0,-0.9561344325542449,12
24.383140563964844,2,7.806855705380441,48
22.314685821533203,2,7.461620765924453,51
19.956926345825195,2,6.982782405614852,44
5.493192672729492,0,-0.8395732283592223,12
24.19248390197754,2,7.815472899377344,50
5.591726779937744,0,-0.9150769144296644,17
15.438492774963379,1,3.350743421912192,35
13.949559211730957,1,3.0417304158210756,31
13.997109413146973,1,3.0723511964082713,30
9.002809524536133,1,2.0151274412870404,21
5.252886772155762,0,-0.9862192571163177,12
24.25421905517578,2,7.78581199944019,49
12.803730964660645,1,2.8549144268035898,30
14.047432899475098,1,3.0436782091855994,30
10.891003608703613,1,2.4890503495931613,26
13.986959457397461,1,3.0860522210597985,28
14.012101173400879,1,3.1031327724456785,29
14.998263359069824,1,3.2390268325805653,32
24.208908081054688,2,7.683256894350054,53
24.25449562072754,2,7.723304063081743,54
24.25481605529785,2,7.782225325703617,52
5.277928829193115,0,-0.9669922113418579,13
13.967446327209473,1,3.055298483371736,33
24.193689346313477,2,7.82646999359131,54
24.249059677124023,2,7.713638883829116,49
5.510266304016113,0,-0.8534720182418825,17
18.155515670776367,2,6.538815385103227,38
14.38701343536377,1,3.159586012363434,31
11.00050163269043,1,2.4821597695350652,24
10.685397148132324,1,2.4136232107877733,24
5.26116418838501,0,-0.9817244797945022,12
24.255197525024414,2,7.759864899516101,56
16.08802032470703,1,3.523217201232911,38
11.698277473449707,1,2.559698000550269,31
24.17275047302246,2,7.826927234232427,51
24.32096290588379,2,7.848596985638142,51
13.944150924682617,1,3.0948835045099257,32
24.267061233520508,2,7.8825500249862674,55
18.254758834838867,2,6.606800568103791,38
24.224437713623047,2,7.7986071228980975,50
5.700423717498779,0,-0.8341254621744156,17
10.202448844909668,1,2.348611791431905,24
22.887126922607422,2,7.468978187441822,47
24.295387268066406,2,7.77519210577011,52
10.233867645263672,1,2.297417333722114,23
14.237743377685547,1,3.0910414338111876,31
18.93025016784668,2,6.701158943772317,42
14.454577445983887,1,3.1975693911314016,35
24.256309509277344,2,7.757011684775355,54
24.257970809936523,2,7.817858651280403,57
24.17779541015625,2,7.817512851953506,50
24.204219818115234,2,7.812844488024712,52
24.256793975830078,2,7.726952549815181,49
24.183082580566406,2,7.85354011654854,53
14.246606826782227,1,3.0799511879682546,32
24.360612869262695,2,7.814051634073259,53
5.374410629272461,0,-0.914575281739235,13
11.803940773010254,1,2.6778642535209656,27
24.25284767150879,2,7.727155071496965,52
5.32219934463501,0,-0.9685222417116164,12
5.367199420928955,0,-0.9503909230232239,14
14.00194263458252,1,2.9947047278285046,33
14.15063762664795,1,3.1106871962547302,29
14.111164093017578,1,3.106376516819001,35
24.24017906188965,2,7.803337118029594,51
13.373661041259766,1,2.902717253565789,28
11.190013885498047,1,2.556324464082718,27
24.19080352783203,2,7.85339825451374,60
18.4278621673584,2,6.608830520510676,41
34.24849319458008,3,12.800198620557794,72
15.90057373046875,1,3.4097427576780337,36
6.775543212890625,0,-0.6709528088569638,15
23.57440948486328,2,7.618471118807795,53
9.58182144165039,1,2.174665772914887,23
14.837964057922363,1,3.2649598762393,32
24.20528221130371,2,7.785321253538132,50
14.229726791381836,1,3.1441604018211367,31
24.201004028320312,2,7.77150435000658,51
24.66442108154297,2,7.896468161046505,59
5.379579544067383,0,-0.9510267794132232,15
35.63655471801758,3,13.071501645445826,74
24.21925163269043,2,7.825706145167347,58
13.070869445800781,1,2.85890447497368,30
5.449465274810791,0,-0.8655753374099731,13
14.850025177001953,1,3.2948768794536596,32
26.230554580688477,2,8.16681110560894,57
24.254907608032227,2,7.741434770822526,52
13.341116905212402,1,2.9503382131457334,31
24.200027465820312,2,7.778649193048478,50
14.003543853759766,1,3.0606060296297066,32
16.35748863220215,1,3.5233668550848947,34
21.129188537597656,2,7.1961756467819225,47
14.305729866027832,1,3.1414302766323106,30
35.66082763671875,3,13.134171023964884,71
5.344458103179932,0,-0.9403910338878632,15
34.269161224365234,3,12.88397858142853,73
24.25625991821289,2,7.754797720909123,51
17.330705642700195,2,6.4502756714820855,42
24.224201202392578,2,7.738474497199055,53
24.663558959960938,2,7.848713460564614,54
9.970097541809082,1,2.2491712868213654,21
14.50693130493164,1,3.074777948856352,32
24.356477737426758,2,7.766530910134312,45
24.21225357055664,2,7.750692510604857,54
33.853885650634766,3,12.763732284307478,70
34.243751525878906,3,12.778594344854355,75
17.979005813598633,2,6.521695831418036,41
24.25839614868164,2,7.817181557416914,53
24.255020141601562,2,7.735680168867107,51
23.731826782226562,2,7.686835306882861,48
24.203210830688477,2,7.842645385861394,50
5.39260721206665,0,-0.956500208377838,16
24.191226959228516,2,7.841881665587428,49
8.009142875671387,1,1.8678385555744175,19
17.55343246459961,2,6.47458328306675,37
24.268829345703125,2,7.75248689651489,52
34.26057052612305,3,12.79856498837471,71
24.25139808654785,2,7.796059733629226,51
24.2617244720459,2,7.760520619153976,56
11.907112121582031,1,2.640758299082517,27
18.76494789123535,2,6.717657437920568,42
24.266183853149414,2,7.749411925673483,53
38.761878967285156,3,13.758120399713523,81
24.206836700439453,2,7.888202369213104,50
13.995680809020996,1,3.0346186146140095,29
15.851675033569336,1,3.479013907909394,35
11.681787490844727,1,2.5622373193502437,23
18.98383140563965,2,6.7137930601835265,37
16.645156860351562,1,3.609772047400475,36
9.774029731750488,1,2.1477972209453586,23
25.203659057617188,2,7.927318727970118,52
25.63030242919922,2,7.989745995402336,53
12.110724449157715,1,2.749448853731155,29
22.408693313598633,2,7.391720366477967,46
24.264617919921875,2,7.753922829031943,50
24.22566795349121,2,7.68269366323948,50
18.78461265563965,2,6.657609599828721,36
14.07097339630127,1,3.061432951688765,30
24.268938064575195,2,7.73506432175636,47
24.26311683654785,2,7.806548303365707,52
5.250170707702637,0,-0.9404499918222426,14
14.411233901977539,1,3.1626170456409453,29
5.219006538391113,0,-0.933066302537918,13
24.213138580322266,2,7.854433208703995,51
5.418815612792969,0,-0.956416994333267,13
24.200946807861328,2,7.767722228169443,53
15.795103073120117,1,3.4021767616271976,33
24.233732223510742,2,7.6839217424392725,50
14.89321517944336,1,3.2093978375196466,29
14.653532981872559,1,3.1913426488637926,32
24.42337989807129,2,7.771417257189752,46
8.745162963867188,1,1.9791845977306366,17
14.727559089660645,1,3.2073813259601573,30
14.099325180053711,1,3.1711224973201757,31
6.968819618225098,0,-0.6580373227596283,16
24.241403579711914,2,7.766500742733481,49
20.809125900268555,2,7.090290974080565,45
24.188966751098633,2,7.755674609541893,49
24.37731170654297,2,7.850396385788917,48
35.46316909790039,3,12.98010340332985,72
19.036901473999023,2,6.7834721326828,40
24.28030776977539,2,7.757052251696587,46
23.222532272338867,2,7.545507474243642,47
24.221128463745117,2,7.772960066795349,49
34.81161117553711,3,12.931514324760066,69
34.24557876586914,3,12.842239153385158,72
23.511415481567383,2,7.638513740897178,47
6.949391841888428,0,-0.6429740719497203,16
25.53487205505371,2,8.083300349116321,50
34.251312255859375,3,12.895863944292069,72
24.26104736328125,2,7.675115102529524,49
5.250411510467529,0,-0.9132497400045392,14
5.247498989105225,0,-0.921361868083477,13
38.67998504638672,3,13.675933206081394,77
5.306024074554443,0,-0.9479170322418213,13
25.91335678100586,2,8.131674221158033,53
6.34402322769165,0,-0.8307065427303317,16
5.248994827270508,0,-0.9122532546520234,14
6.431060791015625,0,-0.7357521414756778,17
34.24525833129883,3,12.775195479393009,67
14.036788940429688,1,3.0402604818344114,27
14.300909042358398,1,3.1489411383867276,30
21.45540428161621,2,7.21998407840729,42
24.217790603637695,2,7.708651036024092,48
21.38343048095703,2,7.191460651159286,44
26.715723037719727,2,8.223079410195348,48
5.488950252532959,0,-0.8901769191026687,14
5.252727031707764,0,-1.0041355684399604,11
7.830385684967041,1,1.8878378480672837,20
5.302096843719482,0,-0.909667736291885,13
5.464501857757568,0,-0.9558655440807342,14
23.7104434967041,2,7.6218981742858904,52
32.672760009765625,3,12.437137702107426,71
12.18431568145752,1,2.7050275892019284,27
15.031524658203125,1,3.261597824096679,31
15.495906829833984,1,3.2890415400266644,30
20.85718536376953,2,7.073222830891611,40
14.361176490783691,1,3.122371724247932,29
24.24911117553711,2,7.727888625860212,49
14.006070137023926,1,2.9316678285598767,29
7.926032066345215,1,1.88265138566494,21
35.877525329589844,3,13.12744657844305,72
24.437644958496094,2,7.798375248908995,51
14.243436813354492,1,3.091721385717392,29
24.29236602783203,2,7.756113943457601,49
20.187538146972656,2,7.022990116477013,46
35.33127212524414,3,13.076505020260813,72
24.243932723999023,2,7.7746058791875825,47
17.014728546142578,1,3.669986519217491,34
16.819610595703125,1,3.6001848578453046,35
19.034839630126953,2,6.768498325347901,40
24.24074363708496,2,7.7224378913640965,48
13.893918991088867,1,3.0850685000419604,28
5.270663261413574,0,-0.9555848479270934,13
14.16624927520752,1,3.054089537262916,27
5.28166389465332,0,-0.9678547978401182,13
15.273184776306152,1,3.2905489623546584,30
5.476533889770508,0,-0.9044628769159317,12
9.79516887664795,1,2.2398222178220752,21
5.789913177490234,0,-0.84672492146492,12
14.002328872680664,1,3.0646204501390466,26
24.247079849243164,2,7.754686978459359,48
14.356454849243164,1,3.0682480275630963,29
24.168903350830078,2,7.8446452051401145,48
26.338851928710938,2,8.169307358562945,53
14.854065895080566,1,3.2221491575241084,30
5.456287860870361,0,-0.8934664309024811,14
23.31417465209961,2,7.603712537884713,49
11.612161636352539,1,2.5857930809259404,24
34.30271530151367,3,12.775072824954984,64
11.438848495483398,1,2.5798926889896387,22
34.435482025146484,3,12.9334829300642,72
36.16035079956055,3,13.1971479177475,73
14.021482467651367,1,3.1029289662837973,30
24.184555053710938,2,7.794125121831893,46
23.476459503173828,2,7.660802000761031,49
38.92647171020508,3,13.785316237807267,79
5.861354827880859,0,-0.8897150546312331,13
24.237060546875,2,7.781631493568421,54
34.38984298706055,3,12.858347518742086,73
14.150276184082031,1,3.0561276406049727,30
6.429268836975098,0,-0.7623842477798461,14
24.292661666870117,2,7.731168583035471,51
24.224225997924805,2,7.790095500648018,46
21.250131607055664,2,7.1466170668602,44
14.116562843322754,1,3.0771549463272097,29
14.887877464294434,1,3.2321499377489085,30
21.379253387451172,2,7.220943608880045,44
5.339897632598877,0,-0.9894326627254484,12
14.723320960998535,1,3.2819966137409207,34
5.32463264465332,0,-0.9506966233253478,12
24.25589370727539,2,7.767673841118812,50
12.181577682495117,1,2.720681354403495,27
5.594633102416992,0,-0.8384009212255477,13
34.36899185180664,3,12.891450384259228,70
24.221527099609375,2,7.752457666397095,51
25.17049217224121,2,7.947531402111055,49
14.30020523071289,1,3.148155215382575,33
14.017544746398926,1,2.995572271943093,27
24.231163024902344,2,7.76867445856333,50
14.404321670532227,1,3.059354948997499,30
15.172868728637695,1,3.2750548779964452,32
13.917941093444824,1,3.0932978302240377,29
8.59577465057373,1,1.9966116487979897,18
39.47517395019531,3,13.823106420040128,86
5.6130499839782715,0,-0.882202261686325,12
6.971907615661621,0,-0.650819960236549,16
14.715069770812988,1,3.1427327305078503,26
14.307230949401855,1,3.0949627339839934,28
8.297845840454102,1,1.9455929189920425,17
5.294703960418701,0,-0.9597041755914688,11
34.50197219848633,3,12.855815321207048,69
14.322128295898438,1,3.137643295526506,31
34.28126907348633,3,12.941002041101457,73
34.412109375,3,12.858483782410621,70
24.264720916748047,2,7.818166464567186,52
14.454625129699707,1,3.13261672258377,31
24.215538024902344,2,7.8113884538412055,53
15.001973152160645,1,3.2471556037664424,31
6.995599269866943,0,-0.5920313209295271,16
6.2947492599487305,0,-0.742186266183853,16
14.004316329956055,1,3.048205608129501,30
14.310578346252441,1,3.129704940319062,34
14.48945140838623,1,3.135440322756766,32
25.4534854888916,2,7.972187346220011,51
9.244295120239258,1,2.07784587442875,21
18.844606399536133,2,6.658455303311348,39
18.109464645385742,2,6.5280537605285645,42
6.561919689178467,0,-0.6949999958276747,16
24.216175079345703,2,7.812779152393341,55
23.23196792602539,2,7.546456107497216,52
14.416458129882812,1,3.0395952463150016,28
24.25508689880371,2,7.769312360882763,47
24.254709243774414,2,7.808227607607838,50
39.02399444580078,3,13.800888293981552,86
14.27013111114502,1,3.0836318105459206,29
24.256383895874023,2,7.791058823466297,51
14.558426856994629,1,3.160870453715325,31
15.62663459777832,1,3.3729824066162113,31
34.735313415527344,3,12.988240791857242,74
35.78108596801758,3,13.062978112697603,73
14.840230941772461,1,3.251812213659287,33
24.346548080444336,2,7.755408817529682,52
5.491525650024414,0,-0.859418413043022,12
34.254730224609375,3,12.788006472587586,68
24.192481994628906,2,7.816168498992917,52
26.36846160888672,2,8.153741914033885,58
17.96236801147461,2,6.574072793126108,39
16.26810646057129,1,3.4724333643913257,35
5.368321418762207,0,-0.9423605442047118,12
24.193653106689453,2,7.779250568151474,52
14.001263618469238,1,3.0883243918418906,29
5.534131050109863,0,-0.8880505502223965,13
14.018695831298828,1,3.062538808584214,29
12.545894622802734,1,2.7798527508974074,26
35.12075424194336,3,13.02612377107143,75
5.363340854644775,0,-0.938096323609352,13
24.21746826171875,2,7.797547349333765,53
14.210478782653809,1,3.122801521420479,30
15.059061050415039,1,3.2312333196401584,32
9.004485130310059,1,2.095802980661392,21
17.541608810424805,2,6.469830399751665,41
14.90231990814209,1,3.244209523499012,34
5.543053150177002,0,-0.894166666269302,14
34.43661880493164,3,12.833382260799409,73
24.33039665222168,2,7.8575976908206915,50
17.598854064941406,2,6.468673798441888,36
27.04764175415039,2,8.29808344841003,55
35.11684799194336,3,13.027146673202518,79
36.6988525390625,3,13.328189092874528,77
24.28993797302246,2,7.81143789589405,52
11.577340126037598,1,2.6206111937761314,31
21.037399291992188,2,7.1118063807487495,44
34.12551498413086,3,12.835661153495307,77
24.210275650024414,2,7.8362100660800955,57
26.865388870239258,2,8.259661923348906,57
34.48895263671875,3,12.822486338019369,78
34.309043884277344,3,12.873864373564718,76
25.524534225463867,2,8.009299635887146,57
16.02659797668457,1,3.4267611771821986,40
24.195817947387695,2,7.808061093091965,53
24.222291946411133,2,7.696445757150649,54
25.701993942260742,2,8.120584204792978,57
34.25051498413086,3,12.871391996741298,72
5.250648498535156,0,-0.9878036320209502,14
15.108728408813477,1,3.2918785363435727,35
13.154621124267578,1,2.8338976353406906,30
9.078679084777832,1,2.096542319655418,21
35.624385833740234,3,13.068191277980798,78
34.493167877197266,3,12.9245606571436,69
4.951592445373535,0,-1.0651445388793945,11
16.453125,1,3.544878369569779,35
24.224838256835938,2,7.770942704379561,50
14.624723434448242,1,3.198319521546364,34
7.052001953125,0,-0.574223980307579,16
5.24819803237915,0,-0.9035128265619279,15
24.346160888671875,2,7.805126881599424,47
17.867597579956055,2,6.525649914145472,38
35.40420913696289,3,13.10594805777072,76
33.69505310058594,3,12.683115214109415,70
24.967153549194336,2,7.873080402612686,50
25.6610107421875,2,8.057829424738884,58
34.00768280029297,3,12.79398956000805,71
7.505523204803467,1,1.8283339887857437,17
7.546905040740967,1,1.7731751650571823,15
33.51291275024414,3,12.704358053207397,70
24.27599334716797,2,7.78085819631815,54
16.878870010375977,1,3.603617979586125,37
27.24452018737793,2,8.329917894303803,59
9.992876052856445,1,2.3216512411832815,22
17.331377029418945,2,6.441905015707018,38
6.484398365020752,0,-0.7067597344517706,16
35.92744445800781,3,13.183619737625119,78
5.7720723152160645,0,-0.9081362932920456,15
33.87903594970703,3,12.752747978270055,71
5.253705024719238,0,-1.001218718290329,12
34.78532028198242,3,12.87319709807634,74
14.463205337524414,1,3.18914616703987,33
13.871366500854492,1,2.983036634325982,29
32.51437759399414,3,12.509618200361729,66
15.213306427001953,1,3.2594278365373617,29
5.549429416656494,0,-0.8826373785734176,12
34.18042755126953,3,12.934001219272616,74
26.752471923828125,2,8.331663170456885,63
5.416650295257568,0,-0.9623276710510256,13
34.08427429199219,3,12.772658050060274,76
16.080007553100586,1,3.4764060974121076,38
24.20429039001465,2,7.80456821992993,59
13.622467994689941,1,2.9834653139114353,30
23.13713264465332,2,7.543405529856683,51
25.71169662475586,2,7.999862134456633,51
18.241479873657227,2,6.574085384607315,40
13.935761451721191,1,3.036444199085235,32
34.228336334228516,3,12.805847978591917,75
6.136937618255615,0,-0.8007128432393074,14
34.99576950073242,3,12.97565314471722,73
14.470730781555176,1,3.1587102115154257,31
34.1691780090332,3,12.835093556344512,80
15.98983097076416,1,3.440315699577333,34
34.325279235839844,3,12.904336085915562,75
5.358845233917236,0,-0.9800424695014953,13
21.864871978759766,2,7.2913056999444965,47
23.62764549255371,2,7.628046858310698,51
26.644561767578125,2,8.249701434373854,64
34.074703216552734,3,12.861302393674851,74
34.243404388427734,3,12.832320725917814,78
11.887677192687988,1,2.705629149079323,25
14.35561466217041,1,3.0830552875995636,30
25.834758758544922,2,8.120819965004923,58
5.47152853012085,0,-0.9617389917373655,14
14.652989387512207,1,3.1132320821285244,31
24.160106658935547,2,7.779543513059622,54
15.353066444396973,1,3.3505047231912606,34
14.893778800964355,1,3.24593579173088,30
26.79808235168457,2,8.296049422025682,60
16.43050193786621,1,3.6279352545738224,36
25.612979888916016,2,8.012018865346914,50
6.288319110870361,0,-0.7741559833288192,15
11.06320858001709,1,2.5058807700872423,27
34.24271011352539,3,12.871457615494725,80
9.749839782714844,1,2.2360863953828813,22
8.152549743652344,1,1.9118770301342014,18
18.994640350341797,2,6.730603343248367,39
11.442296028137207,1,2.5450621992349625,28
17.15694236755371,2,6.444487464427949,40
14.828980445861816,1,3.231747556477786,34
21.164106369018555,2,7.124297213554382,42
24.184389114379883,2,7.8010512620210655,51
25.31464958190918,2,7.95397008061409,53
18.324504852294922,2,6.594806885719301,40
21.231983184814453,2,7.12124240398407,48
18.487714767456055,2,6.658362463116648,41
14.068296432495117,1,3.047099357843398,32
13.264738082885742,1,2.8754135370254508,31
24.235858917236328,2,7.814659690856937,55
14.01170539855957,1,3.132402887940408,33
11.623543739318848,1,2.5777439028024673,25
14.380745887756348,1,3.1258707404136645,31
24.21929168701172,2,7.804441344738004,52
16.902090072631836,1,3.690881448984144,36
5.440086364746094,0,-0.9125655382871627,13
4.986515522003174,0,-0.9919949412345885,12
24.19245147705078,2,7.791328626871108,52
34.40044403076172,3,12.81701132655144,79
13.579115867614746,1,3.0042814880609523,28
5.303612232208252,0,-0.8885253578424452,12
11.200209617614746,1,2.5390545397996895,29
11.844313621520996,1,2.6568588435649882,29
24.215177536010742,2,7.807694588601585,54
14.743339538574219,1,3.2079302728176105,31
13.3662691116333,1,2.935541954636573,32
11.32471752166748,1,2.5598680675029755,24
23.76848793029785,2,7.656546866893766,56
13.285002708435059,1,2.9160588651895516,32
11.972498893737793,1,2.625371670722963,26
13.99897289276123,1,3.052289462089538,29
14.178346633911133,1,3.0874721735715873,33
24.21405601501465,2,7.796668787300584,56
24.20311164855957,2,7.808236923813823,53
34.65656661987305,3,12.890654119849202,80
24.246246337890625,2,7.854197178781034,52
12.455062866210938,1,2.762211073935031,28
24.218368530273438,2,7.775979638099669,56
24.256399154663086,2,7.7933087140321735,56
24.257726669311523,2,7.789570929110045,56
7.299307823181152,1,1.7471613168716429,17
21.346527099609375,2,7.149134024977684,48
13.235546112060547,1,2.9196068078279502,31
11.88267993927002,1,2.6221468158066283,29
7.770723342895508,1,1.8305652707815172,16
22.346805572509766,2,7.402055630087853,51
15.087032318115234,1,3.2673811614513406,33
6.226152420043945,0,-0.7432980388402939,16
24.24478530883789,2,7.791582474112513,55
22.6112060546875,2,7.362532323598858,53
33.34052658081055,3,12.630536660552021,72
24.315242767333984,2,7.787875390052793,55
31.490440368652344,3,12.339167925715444,69
20.598712921142578,2,6.957929080724716,46
33.727630615234375,3,12.67034584283829,76
32.03816223144531,3,12.387200927734373,72
24.213956832885742,2,7.812393444776532,52
33.17341232299805,3,12.651250374317172,72
20.506032943725586,2,7.041750884056091,47
34.832801818847656,3,12.939963787794118,77
33.88926696777344,3,12.771420240402222,75
34.37173843383789,3,12.868950033187868,75
5.286208629608154,0,-0.9701440349221229,13
34.34574890136719,3,12.782079690694804,75
16.250715255737305,1,3.4349704593420034,36
34.06797409057617,3,12.845822250843053,78
32.8380012512207,3,12.509322717785839,71
24.209131240844727,2,7.829712733626367,55
34.02170944213867,3,12.796035933494569,75
32.7451057434082,3,12.559102964401252,75
24.16395378112793,2,7.744634211063385,56
34.17227554321289,3,12.80461748838424,76
32.07109832763672,3,12.413227984309191,70
34.52987289428711,3,12.920544943213459,77
24.261959075927734,2,7.825412371754643,53
12.237496376037598,1,2.731801226735114,29
34.896507263183594,3,13.007209122180937,79
20.952224731445312,2,7.125682216882707,46
33.73769760131836,3,12.764193639159206,73
8.7727632522583,1,1.9409631073474887,20
25.894569396972656,2,8.069107437133788,55
24.24365234375,2,7.776350820064547,54
14.239394187927246,1,3.0324066877365103,32
15.137639045715332,1,3.305804437398911,35
21.554101943969727,2,7.247053018212318,48
32.324283599853516,3,12.455772131681448,72
32.30636978149414,3,12.452512207627295,70
31.721643447875977,3,12.327226161956792,69
33.56741714477539,3,12.744983163475991,75
31.7911319732666,3,12.377604249119758,72
23.702083587646484,2,7.648040652275087,51
16.80027198791504,1,3.645676761865614,37
24.207109451293945,2,7.8365818232297855,55
16.350065231323242,1,3.556620943546295,36
24.265546798706055,2,7.753578498959543,51
34.226646423339844,3,12.815971836447714,73
24.216289520263672,2,7.815068994462488,51
24.267534255981445,2,7.744387903809548,51
36.88969802856445,3,13.341729193925858,77
24.233951568603516,2,7.757225090265271,51
24.204090118408203,2,7.820156741142274,51
39.00897979736328,3,13.77949976623059,82
24.25753402709961,2,7.7477809280157075,51
24.248106002807617,2,7.6931439518928535,49
24.147260665893555,2,7.796146753430367,49
24.264793395996094,2,7.7038272321224195,52
18.08588218688965,2,6.559667479991912,38
5.252315044403076,0,-0.9814294964075088,12
24.26210594177246,2,7.768020036816596,52
20.3565731048584,2,7.032086148858072,43
18.35044288635254,2,6.640910384058953,39
34.197288513183594,3,12.92119750231504,72
24.196271896362305,2,7.8204101115465186,51
34.28809356689453,3,12.872432735562318,70
24.1960391998291,2,7.8201371490955385,53
24.384319305419922,2,7.8482439368963295,51
24.19312286376953,2,7.832821232080461,54
34.316139221191406,3,12.83695982694626,70
34.247798919677734,3,12.872689878940585,73
24.19260025024414,2,7.872347274422648,53
24.206876754760742,2,7.8054955840110765,49
16.673358917236328,1,3.53457908630371,37
24.38289451599121,2,7.704410219192502,49
38.91938018798828,3,13.807396972179415,80
24.240604400634766,2,7.779890897870061,53
14.128116607666016,1,3.1482218444347394,31
34.336402893066406,3,12.857502324879167,72
25.31485939025879,2,7.995431852340699,53
15.007020950317383,1,3.215179061889648,32
34.2474479675293,3,12.860135999321939,70
34.236167907714844,3,12.89233966171741,70
15.367838859558105,1,3.330217626690864,33
24.237903594970703,2,7.750600096583369,51
24.185867309570312,2,7.85535799860954,54
39.30290985107422,3,13.796138241887085,81
24.202468872070312,2,7.711966562271121,51
24.236549377441406,2,7.770951741933819,51
34.245906829833984,3,12.868981802463534,72
24.216320037841797,2,7.812303781509398,51
24.247350692749023,2,7.754746210575101,53
5.414412975311279,0,-0.9126517191529273,13
34.209068298339844,3,12.85095406770706,72
15.077962875366211,1,3.2772550851106637,33
23.482881546020508,2,7.633004561066626,50
24.202381134033203,2,7.821726182103156,51
15.11883544921875,1,3.3221061468124393,32
11.133808135986328,1,2.4434490382671354,23
35.10114288330078,3,13.025904160737992,74
5.548120498657227,0,-0.9764774680137633,14
20.491531372070312,2,7.081106209754942,46
24.3341007232666,2,7.766533580422397,49
24.183555603027344,2,7.819779288768769,52
24.2375545501709,2,7.705387198925022,49
20.128536224365234,2,6.958767110109328,41
38.967529296875,3,13.766701698303223,79
34.25141143798828,3,12.886864182353024,72
34.314640045166016,3,12.876502460241316,73
12.136242866516113,1,2.685393567383289,27
26.67193603515625,2,8.266806256771089,55
27.076129913330078,2,8.224845677614208,54
12.983177185058594,1,2.865826344490052,29
24.202022552490234,2,7.801968298852444,52
14.383354187011719,1,3.126439583301546,30
34.27941131591797,3,12.809857201576236,71
14.396065711975098,1,3.126184809207915,32
27.059717178344727,2,8.359891876578326,59
34.36344909667969,3,12.938804200291633,68
24.21001625061035,2,7.790215602517129,51
24.213943481445312,2,7.789295911788939,52
15.327201843261719,1,3.366955515742302,33
34.249610900878906,3,12.840007811784744,72
24.200103759765625,2,7.729959350824355,52
23.028406143188477,2,7.468351191282268,50
24.240360260009766,2,7.785788801312446,53
38.62276077270508,3,13.733806146681307,80
24.213420867919922,2,7.814049616456032,52
24.20730209350586,2,7.798331618309019,50
26.95757293701172,2,8.247199523448947,56
14.421396255493164,1,3.1136351317167286,29
39.09409713745117,3,13.836169286072252,82
18.65059471130371,2,6.686335894465445,43
15.905567169189453,1,3.4489662587642664,34
8.279541969299316,1,1.9157722324132918,18
34.2449836730957,3,12.866041722893717,69
24.257774353027344,2,7.6920543968677535,51
34.20269775390625,3,12.780797153711315,70
24.204641342163086,2,7.805389562249177,52
16.358287811279297,1,3.5075893729925163,35
16.9525089263916,1,3.642608967423441,36
34.11083221435547,3,12.889240047335628,74
17.32338523864746,2,6.366915702819824,38
24.20278549194336,2,7.80948644578457,53
24.20258331298828,2,7.779929876327511,50
26.15007781982422,2,8.118583062291147,53
24.257572174072266,2,7.723242400586601,51
15.842477798461914,1,3.4534934133291237,35
34.28007125854492,3,12.817295452952383,69
26.580352783203125,2,8.262168928980827,54
10.574365615844727,1,2.382447227835655,24
35.4716911315918,3,13.130235892534259,72
26.910371780395508,2,8.245326727628708,53
36.40325164794922,3,13.26229124367237,79
34.25949478149414,3,12.852793622016911,71
20.868860244750977,2,7.114439979195597,43
21.406354904174805,2,7.195673042535782,43
37.829505920410156,3,13.548859399557122,80
34.24302673339844,3,12.81526096463203,75
26.17611312866211,2,8.187365490198134,55
34.13933563232422,3,12.844733920693397,71
27.044702529907227,2,8.320815008878707,59
24.25723648071289,2,7.70153090059757,52
36.378170013427734,3,13.211799393594264,74
24.192968368530273,2,7.8342720359563796,52
25.370527267456055,2,7.9892246305942525,53
34.19804763793945,3,12.784772056341176,72
34.226619720458984,3,12.863169676065445,71
16.04347038269043,1,3.446430504322053,34
41.657936096191406,3,14.28074440360069,85
36.97259521484375,3,13.410721781849862,76
5.474511623382568,0,-0.8738546997308732,13
38.30724334716797,3,13.629844409227372,80
36.2515754699707,3,13.181195026636127,75
38.5914192199707,3,13.727234375476836,83
5.877192497253418,0,-0.8096010327339169,13
36.12044143676758,3,13.206084495782848,78
34.348018646240234,3,12.769449347257614,72
37.90140151977539,3,13.509573689103124,77
39.89479446411133,3,13.969176721572877,86
34.224796295166016,3,12.833539092540741,73
34.35845184326172,3,12.840993785858158,73
38.45855712890625,3,13.678576827049259,80
14.348306655883789,1,3.1339596599340442,32
34.25286865234375,3,12.816758644580846,71
25.321773529052734,2,7.983838406205177,53
34.23906326293945,3,12.815389811992642,72
25.339685440063477,2,8.003326520323752,52
34.232845306396484,3,12.824939939379691,72
34.223209381103516,3,12.868120694160458,74
13.399920463562012,1,2.9730581820011146,31
34.29383850097656,3,12.84470748752355,70
38.04218673706055,3,13.52564143538475,78
17.876022338867188,2,6.519631123542782,36
24.35310173034668,2,7.847226381301878,51
34.31019592285156,3,12.82702788710594,71
38.41720199584961,3,13.599916166067127,78
34.87963104248047,3,12.89132125377655,69
36.49361038208008,3,13.264120596647262,76
24.59272575378418,2,7.882496276497838,50
23.198528289794922,2,7.562734469771385,51
38.93138122558594,3,13.800586572289468,79
5.368910789489746,0,-0.9663744390010836,13
26.528764724731445,2,8.205220502614974,55
24.17253303527832,2,7.7982833415269805,50
14.31251049041748,1,3.1189274132251734,30
39.18029022216797,3,13.849853640794752,82
24.371347427368164,2,7.815991729497908,51
35.89022445678711,3,13.161929363012312,75
10.211319923400879,1,2.2705259144306176,23
34.53549575805664,3,12.926321440935135,74
39.0075569152832,3,13.766034656763082,80
34.24356460571289,3,12.871455249190333,71
35.6821174621582,3,13.172091060876847,73
36.16755676269531,3,13.229521232843398,72
39.93476104736328,3,13.857958376407623,85
24.284914016723633,2,7.688235670328142,51
34.39297866821289,3,12.852652916312215,73
24.279083251953125,2,7.765991283953191,48
37.365543365478516,3,13.434359681606292,75
14.27446174621582,1,3.1306400537490857,29
34.30467987060547,3,12.843252432346347,71
39.45133972167969,3,13.803171944618228,79
14.958388328552246,1,3.2386748641729355,31
27.112197875976562,2,8.28338197469711,56
5.39385461807251,0,-0.9617827743291854,13
39.51554870605469,3,13.90574899613857,81
5.383077621459961,0,-0.9179407954216003,13
5.337832927703857,0,-0.9313425481319426,13
39.77728271484375,3,13.98094670772553,84
39.03257751464844,3,13.785443618893627,79
5.513128280639648,0,-0.9413733303546905,12
36.55278778076172,3,13.240375217795373,75
24.200963973999023,2,7.808397150039669,51
15.232929229736328,1,3.302780863642692,33
5.531043529510498,0,-0.9698589861392974,13
34.38713073730469,3,12.831346762180328,72
26.60883331298828,2,8.186901447176936,54
39.399383544921875,3,13.828027617931363,77
34.164588928222656,3,12.933379220962523,71
24.905107498168945,2,7.912279513478278,51
14.642117500305176,1,3.1838021963834757,31
15.334526062011719,1,3.3044580072164536,31
14.55650520324707,1,3.1661328047513964,30
25.39149284362793,2,7.952250373363494,54
34.36360549926758,3,12.876525941491126,72
24.269620895385742,2,7.735131424665447,48
34.242435455322266,3,12.854366815090184,73
34.24970245361328,3,12.83809459805489,70
14.42304801940918,1,3.14730956852436,30
34.63141632080078,3,12.98098746240139,74
26.504793167114258,2,8.261678862571719,57
39.17888259887695,3,13.76117585897445,81
16.238693237304688,1,3.5135605126619343,34
37.55276870727539,3,13.421229681372644,78
36.037559509277344,3,13.145315662026407,74
5.762316703796387,0,-0.8634812742471694,13
24.37262725830078,2,7.790391349792483,51
38.878684997558594,3,13.804651036858557,86
34.333133697509766,3,12.908239823579787,72
5.488931655883789,0,-0.8857750535011291,13
34.245628356933594,3,12.851200318336483,72
39.19597244262695,3,13.773918622732166,80
24.227113723754883,2,7.7606672823429115,50
34.36440658569336,3,12.90132135748863,74
34.25835037231445,3,12.802588415145877,72
34.269412994384766,3,12.884456160664561,75
15.135863304138184,1,3.296170416474342,35
34.207489013671875,3,12.807610249519348,68
34.27770233154297,3,12.934696918725965,74
34.36625671386719,3,12.879727837443351,73
39.168609619140625,3,13.850543558597563,81
5.3627543449401855,0,-0.8880850732326508,13
35.8985481262207,3,13.11806496083736,73
34.2158203125,3,12.830191537737848,69
5.570485591888428,0,-0.9285214722156523,13
17.466278076171875,2,6.460358366370201,37
14.912873268127441,1,3.264032796025277,33
38.8726692199707,3,13.73512170910835,81
38.961463928222656,3,13.780533611774443,83
34.299346923828125,3,12.888401055335994,73
24.229393005371094,2,7.777973961830142,51
39.1903076171875,3,13.722456538677209,80
34.152225494384766,3,12.87317929565906,72
40.47260284423828,3,14.068456315994258,85
24.365392684936523,2,7.807583063840866,47
34.2424430847168,3,12.768217834830288,69
39.07234191894531,3,13.754507139325149,77
14.209671020507812,1,3.0820401936769493,29
5.480767726898193,0,-0.8631608515977858,13
24.21915626525879,2,7.821772322058672,52
15.22359848022461,1,3.3250168740749366,33
24.257089614868164,2,7.771698573231696,50
14.115714073181152,1,3.103748935461045,29
5.5000104904174805,0,-0.9374964565038681,13
26.376720428466797,2,8.179807275533676,54
39.76721954345703,3,13.85546987056732,84
19.865001678466797,2,6.895154851675031,42
24.348852157592773,2,7.818066692352293,49
34.17145919799805,3,12.860438689589502,69
36.16764450073242,3,13.163791120052332,73
34.27336120605469,3,12.848997360467907,72
34.25412368774414,3,12.788665884733204,68
5.339028835296631,0,-0.9166963756084441,12
39.55555725097656,3,13.886203196644777,78
27.1619930267334,2,8.368450585007672,56
34.187889099121094,3,12.864756172895433,68
34.24238967895508,3,12.819461521506312,70
14.709853172302246,1,3.2137924849987023,31
10.305196762084961,1,2.3615913569927223,23
35.45127868652344,3,13.03182244300843,73
39.10886001586914,3,13.757094341516492,79
35.191162109375,3,13.065770876407626,73
38.738037109375,3,13.675324621796607,80
34.30781936645508,3,12.879616448283192,70
14.506648063659668,1,3.1238082319498055,29
10.535253524780273,1,2.3327746897935864,23
25.829578399658203,2,7.975605714321137,52
39.103492736816406,3,13.8023552954197,81
34.33547592163086,3,12.858745929598806,69
39.29411697387695,3,13.77043007612228,80
34.27687454223633,3,12.850747480988503,70
35.59848403930664,3,13.16124024689197,78
37.43046188354492,3,13.430626532435419,77
34.19129943847656,3,12.877502965927125,67
34.28676986694336,3,12.860476148128507,69
38.905357360839844,3,13.798212519288061,82
34.24361801147461,3,12.839539748430251,72
5.29256010055542,0,-0.9706195622682572,12
39.602352142333984,3,13.920979520678523,82
38.93254089355469,3,13.751357191801072,80
39.81386947631836,3,13.968953409790995,82
24.23351287841797,2,7.771252664923667,47
24.208406448364258,2,7.77876485288143,49
39.359413146972656,3,13.829279664158815,85
24.209978103637695,2,7.784330654144284,48
24.213199615478516,2,7.790193182229997,49
39.080596923828125,3,13.769302263855936,80
39.18614959716797,3,13.849552905559538,82
26.32969856262207,2,8.186927315592763,57
39.562740325927734,3,13.850885906815531,77
39.23619079589844,3,13.832864385843278,78
38.84069061279297,3,13.769068399071687,78
34.30725860595703,3,12.869140800833708,70
39.100032806396484,3,13.759581407904626,78
35.73960494995117,3,13.168090850114822,73
34.14536666870117,3,12.876365253329269,70
34.225830078125,3,12.828380474448206,69
34.24346160888672,3,12.81750982403755,69
26.793731689453125,2,8.2896782964468,52
5.6820902824401855,0,-0.8457219272851946,13
39.79043960571289,3,13.92585746347904,79
38.94285202026367,3,13.767987182736405,80
34.293174743652344,3,12.806595793366428,69
34.349056243896484,3,12.888820204138764,70
34.32728576660156,3,12.84936632514,71
24.201568603515625,2,7.793574583530427,49
34.24441146850586,3,12.820601639151574,68
34.25251770019531,3,12.901166710257531,71
26.617149353027344,2,8.21443411558867,53
34.397666931152344,3,12.828835515677934,73
27.29278564453125,2,8.384848085045812,56
25.001964569091797,2,7.879629179835321,51
5.447912216186523,0,-0.8880321353673934,13
34.241695404052734,3,12.800427415966984,74
24.22355079650879,2,7.696080234646798,51
38.990272521972656,3,13.700873577594752,76
34.24260330200195,3,12.812282076477999,72
34.301368713378906,3,12.87454263269901,70
34.241668701171875,3,12.827414837479592,68
24.348960876464844,2,7.769908538460728,50
34.25437545776367,3,12.848468562960623,71
24.255849838256836,2,7.747368037700655,49
24.203336715698242,2,7.808209213614463,50
16.408979415893555,1,3.5053764313459395,34
34.32169723510742,3,12.918570071458815,73
19.183853149414062,2,6.718134999275206,38
24.26873779296875,2,7.7475957840681104,50
34.35114669799805,3,12.798656833171837,69
24.203702926635742,2,7.771674326062202,47
34.35334777832031,3,12.858740988373757,67
34.17661666870117,3,12.849636274576188,71
34.46232986450195,3,12.94344077408314,70
26.984594345092773,2,8.335270369052889,56
34.3441162109375,3,12.893629994988444,69
39.01753234863281,3,13.759221631288531,80
35.01042938232422,3,13.013498505949977,73
26.020267486572266,2,8.054398632049558,53
39.160987854003906,3,13.797137531638146,81
39.127986907958984,3,13.790460088849072,79
39.00752639770508,3,13.758780714869497,79
37.054508209228516,3,13.383855438232423,75
39.26203918457031,3,13.700467377901075,79
34.234764099121094,3,12.826651045680046,69
14.92398452758789,1,3.221153423190116,32
39.28873062133789,3,13.835476064682005,80
39.039066314697266,3,13.764488291740415,77
39.221824645996094,3,13.780430674552912,77
35.25856399536133,3,12.98410811126232,71
39.02597427368164,3,13.777477836608899,80
38.82028579711914,3,13.721185380220415,78
39.968223571777344,3,13.968703687191006,79
39.86701583862305,3,13.893237519264224,79
34.231895446777344,3,12.798788070678713,67
34.24258041381836,3,12.807009914517396,71
39.18923568725586,3,13.893054068088528,83
26.18059539794922,2,8.155583605170248,53
34.26202392578125,3,12.87135847210884,68
57.1680908203125,5,26.782721611857415,115
34.699832916259766,3,12.930363965034486,67
25.482255935668945,2,8.045904307067394,55
34.57667922973633,3,12.865109944343569,68
39.116119384765625,3,13.783030194044112,79
5.466450214385986,0,-0.929994711279869,13
38.91566848754883,3,13.683526331186293,77
39.1068115234375,3,13.745565313100816,76
39.00163650512695,3,13.784859567880634,80
39.643470764160156,3,13.832671889662736,78
39.59160614013672,3,13.900652721524239,81
38.91061782836914,3,13.80269665718078,77
39.53349685668945,3,13.850197142362594,79
40.631317138671875,3,14.128057605028154,85
39.59025955200195,3,13.909923893213268,80
17.50396156311035,2,6.459499266743659,37
24.358633041381836,2,7.74736315906048,48
25.755352020263672,2,8.063725978136063,55
24.267236709594727,2,7.746819964051246,50
18.47201919555664,2,6.580227738618852,38
26.34480857849121,2,8.168034759163852,52
34.42979431152344,3,12.88000485002995,66
24.311717987060547,2,7.730882591009141,49
34.2447509765625,3,12.819952210783963,69
24.25566864013672,2,7.738514882326129,46
38.937477111816406,3,13.746631523966787,82
35.695068359375,3,13.149168533086774,73
39.497684478759766,3,13.896927157044411,85
39.218040466308594,3,13.67412054538727,76
36.966094970703125,3,13.225296014547347,72
39.22450637817383,3,13.764411205053335,77
39.1036491394043,3,13.785458767414097,81
5.6599016189575195,0,-0.8585966199636459,13
5.601900577545166,0,-0.9039540529251098,12
7.369898796081543,1,1.719553297758102,17
39.5189323425293,3,13.83791620135307,79
39.469425201416016,3,13.866564610600472,79
5.3414459228515625,0,-0.9342619031667709,13
5.38218879699707,0,-0.9069935947656633,13
39.84228515625,3,13.898371392488478,80
38.92071533203125,3,13.751884865760807,78
5.5530853271484375,0,-0.8719392597675324,13
36.74895477294922,3,13.31864659488201,75
33.192256927490234,3,12.584961159527307,67
34.955806732177734,3,12.940610203146933,69
39.113121032714844,3,13.80511387288571,81
39.092559814453125,3,13.793342861533167,81
39.65365982055664,3,13.774447721242904,79
39.18510437011719,3,13.828222751617428,79
39.243438720703125,3,13.760477226972581,77
19.273738861083984,2,6.726095294952392,39
39.50713348388672,3,13.86884299516678,79
34.32735061645508,3,12.885057559609416,72
34.32591247558594,3,12.824284672737114,69
24.185184478759766,2,7.809854547679421,48
24.203004837036133,2,7.835861071944235,49
30.83032989501953,3,12.12619277536869,61
24.256298065185547,2,7.7205027490854246,48
34.24553680419922,3,12.84784305989742,69
35.96879196166992,3,13.190015324950215,70
36.096431732177734,3,13.149149507284166,72
38.98667526245117,3,13.765418389439585,79
34.459999084472656,3,12.896782919764513,70
17.50019073486328,2,6.443830344080922,34
39.087074279785156,3,13.840465816855433,79
10.054376602172852,1,2.2844762861728665,21
23.16388702392578,2,7.512859004735949,45
14.325163841247559,1,3.1422835379838956,28
34.55426788330078,3,12.893302333354942,68
5.9094696044921875,0,-0.8379111200571059,15
24.20942497253418,2,7.762257352471352,48
24.230886459350586,2,7.785223692655562,50
38.894962310791016,3,13.715150120854378,80
24.258163452148438,2,7.705410128831868,47
39.30314636230469,3,13.768212604522697,77
39.231407165527344,3,13.83650804907084,80
39.23014450073242,3,13.782892537117005,81
34.37057876586914,3,12.82910831272602,66
42.56371307373047,3,14.453709390759474,86
36.0500602722168,3,13.145074492692945,67
35.83175277709961,3,13.07331153154373,68
39.2193603515625,3,13.782723921537404,76
35.3826789855957,3,13.06081763803959,70
17.247068405151367,1,3.7066211163997664,34
35.964473724365234,3,13.183248150348666,74
5.606363773345947,0,-0.9155753701925278,14
7.640834808349609,1,1.813981366157532,18
8.697586059570312,1,2.0416586846113205,20
36.589054107666016,3,13.24465366601944,74
14.55519962310791,1,3.174315404891969,30
26.35740089416504,2,8.165498563647272,54
37.051212310791016,3,13.388190844655034,74
37.599063873291016,3,13.488225421309473,76
39.171302795410156,3,13.852670860290528,78
38.87151336669922,3,13.810792252421376,77
14.670884132385254,1,3.1705187976360323,31
34.75879669189453,3,12.957864403724663,72
34.75960922241211,3,12.961639702320097,70
39.071022033691406,3,13.72801569998265,78
24.915546417236328,2,7.876252305507663,49
17.222505569458008,1,3.7042526602745065,36
39.08416748046875,3,13.829072812199591,78
39.20240783691406,3,13.771343612670895,80
39.050315856933594,3,13.754221743345257,78
38.73828887939453,3,13.696235164999962,80
37.060272216796875,3,13.405729994177818,78
27.05359649658203,2,8.347160193324088,56
39.02824401855469,3,13.753917491435999,81
39.02252197265625,3,13.83921166956425,82
39.04244613647461,3,13.818173974752423,76
39.44287872314453,3,13.848700857162472,78
15.182573318481445,1,3.2756097018718737,30
39.07840347290039,3,13.782291904091833,78
39.281585693359375,3,13.819086316227915,78
35.17450714111328,3,13.02286753058433,70
5.357597351074219,0,-0.9529282629489899,13
39.18907165527344,3,13.65993044376373,77
39.165367126464844,3,13.793729260563856,80
39.16368103027344,3,13.731372132897373,76
39.22697830200195,3,13.80283480882645,77
34.31218338012695,3,12.873674985766414,70
39.630638122558594,3,13.875607568025593,82
38.991920471191406,3,13.799098375439646,77
22.41189956665039,2,7.418545100092885,46
39.32407760620117,3,13.793218138813975,78
24.157033920288086,2,7.834654161334042,49
39.09965133666992,3,13.752172908186914,77
24.245325088500977,2,7.75780545473099,48
24.223833084106445,2,7.8027882039547,47
6.194350719451904,0,-0.7574755191802978,14
24.257341384887695,2,7.736958158016202,48
15.09403133392334,1,3.2447629094123833,30
39.50185775756836,3,13.823588058352481,79
26.722431182861328,2,8.262939390540124,52
40.231239318847656,3,13.955909141898156,79
34.22987747192383,3,12.823562619090076,63
36.4029426574707,3,13.205076020956037,71
34.24505615234375,3,12.789824390411372,68
39.762046813964844,3,13.921013867855072,81
25.824058532714844,2,8.087848299741745,48
39.918617248535156,3,13.876141488552094,79
35.88685607910156,3,13.159369468688961,70
39.468597412109375,3,13.83055155277252,76
37.261573791503906,3,13.422535118460655,72
45.55536651611328,4,18.58377291560173,91
15.897134780883789,1,3.455727337300779,33
27.050434112548828,2,8.254938051104546,50
35.90562057495117,3,13.13237590789795,69
37.04656219482422,3,13.308500134944916,72
26.16724395751953,2,8.110126411914825,49
37.58679962158203,3,13.465272599458698,73
24.264602661132812,2,7.763995349407194,47
27.002090454101562,2,8.297572511434554,52
24.202138900756836,2,7.780708178877827,46
37.1014404296875,3,13.3700043797493,73
43.62167739868164,3,14.676240751147265,87
26.539216995239258,2,8.182729676365852,50
37.18608474731445,3,13.392507556080817,75
36.1444091796875,3,13.234129494428636,72
35.3583869934082,3,13.051632168889043,68
39.54392623901367,3,13.826471737027164,77
36.14912796020508,3,13.200467446446417,74
39.70096969604492,3,13.874612453579905,77
5.376158714294434,0,-0.9098425030708313,12
35.987464904785156,3,13.142691755294804,72
39.12998962402344,3,13.783720478415495,76
39.68081283569336,3,13.833935666084292,78
14.270739555358887,1,3.0721025317907333,27
27.004560470581055,2,8.272991180419924,51
14.555888175964355,1,3.2236447870731366,29
39.7807502746582,3,13.887901422381399,77
39.52049255371094,3,13.797711604833601,78
34.244606018066406,3,12.798546367883677,68
39.484153747558594,3,13.895825338363654,76
39.3491325378418,3,13.85513999164104,79
34.243309020996094,3,12.758944556117052,65
34.36766815185547,3,12.851449164748196,68
39.37202835083008,3,13.818577131628995,77
36.134761810302734,3,13.238168776035312,72
39.6187858581543,3,13.845259344577782,78
14.216607093811035,1,3.0420191943645483,28
34.175750732421875,3,12.851341348886493,68
14.7052001953125,1,3.224381846189498,30
24.2551326751709,2,7.753902482986449,46
39.05678176879883,3,13.735824108123778,76
15.466353416442871,1,3.321040245890618,31
26.186969757080078,2,8.150199720263481,49
16.217247009277344,1,3.499359133839608,33
14.250636100769043,1,3.0925500273704554,30
34.268959045410156,3,12.837413194775582,66
39.086204528808594,3,13.752041438221928,80
35.6622314453125,3,13.087593963742254,68
39.280757904052734,3,13.836415758728982,76
29.69124412536621,3,11.840182369947431,55
39.02549743652344,3,13.753905102610583,77
39.57896423339844,3,13.839537972211838,76
39.79948425292969,3,13.940653824806216,77
34.2318115234375,3,12.813462322950365,67
30.822221755981445,3,12.10820022821426,57
39.473209381103516,3,13.860769748687744,76
39.39409255981445,3,13.807057699561124,78
24.341461181640625,2,7.740380305051804,46
36.923301696777344,3,13.3423756301403,71
35.62822723388672,3,13.126303502917285,70
5.334585666656494,0,-0.8984980911016465,14
35.58479309082031,3,13.061891669034965,71
24.192806243896484,2,7.806684660911561,46
36.18574142456055,3,13.216502884030348,68
36.13636779785156,3,13.216380614042286,71
36.569759368896484,3,13.296709641814232,73
34.27224349975586,3,12.809133791923518,67
37.220787048339844,3,13.429308968782424,73
26.421550750732422,2,8.158338692784309,50
26.309885025024414,2,8.168773537874223,51
24.309152603149414,2,7.843610656261445,49
39.159698486328125,3,13.814949047565463,75
39.96195983886719,3,13.96876337528229,80
36.178340911865234,3,13.152204850316052,69
40.33137893676758,3,13.996256196498871,79
37.048179626464844,3,13.31107679605484,70
25.905719757080078,2,8.082464125752445,49
39.332611083984375,3,13.82918529510498,76
36.61909866333008,3,13.315692129731175,73
13.253350257873535,1,2.9481113016605383,29
34.264427185058594,3,12.876575455069545,70
39.59267044067383,3,13.870451691746716,76
36.68339157104492,3,13.293217092752457,73
34.29985046386719,3,12.850196298956867,67
39.395565032958984,3,13.716399392485625,77
37.43473815917969,3,13.430573123693458,75
24.397668838500977,2,7.859674608707426,45
39.13626480102539,3,13.769120702147486,76
34.21417236328125,3,12.869420582056046,66
18.20503044128418,2,6.602661371231077,35
24.271770477294922,2,7.785741615295409,45
25.776195526123047,2,8.073607671260831,49
40.31557846069336,3,13.973303186893466,85
39.93811798095703,3,13.946801331639287,84
34.25172805786133,3,12.863658252358439,73
39.657325744628906,3,13.847693333029744,85
39.46627426147461,3,13.840118673443804,81
39.911399841308594,3,13.806077885627746,82
35.17280960083008,3,13.051809374988084,75
39.62904357910156,3,13.868909043073655,80
37.15077209472656,3,13.37940707206726,78
39.544944763183594,3,13.902071186900146,84
24.348464965820312,2,7.758712816238399,51
39.74641418457031,3,13.906608012318612,82
35.45414352416992,3,13.101750284433367,74
35.88556671142578,3,13.130371183156972,74
39.946659088134766,3,10.872281205654145,66
24.688413619995117,2,4.767592257261278,39
26.314712524414062,2,5.042531728744507,41
25.443695068359375,2,4.999904736876488,39
26.038185119628906,2,4.9879017055034645,40
25.322795867919922,2,4.8583985835313825,40
25.527631759643555,2,4.987724310159681,40
40.30842971801758,3,10.952482587099073,63
25.21036148071289,2,4.918094623088839,38
36.15970230102539,3,10.079725867509849,56
24.96108055114746,2,4.860808926820752,41
25.425395965576172,2,4.975570192933086,40
39.174156188964844,3,10.751516115665437,65
25.1807918548584,2,4.858584868907927,39
15.173698425292969,1,0.29152495861053396,24
27.074134826660156,2,5.239199346303938,39
15.197835922241211,1,0.22609155476093257,24
39.37685775756836,3,10.781289726495741,64
24.392438888549805,2,4.772805267572405,39
25.405935287475586,2,4.959772306680678,40
26.74163055419922,2,5.215067118406292,42
15.291958808898926,1,0.23536810576915723,24
26.23975944519043,2,5.107457500696185,40
25.63372802734375,2,4.993777143955233,41
24.406299591064453,2,4.7094371020793915,39
39.66603088378906,3,10.789128121733672,62
25.755815505981445,2,5.067752104997632,41
27.130329132080078,2,5.2700002014637,40
26.639068603515625,2,5.13273417651653,41
24.414321899414062,2,4.792526203393935,38
26.45516586303711,2,5.097414234280585,40
26.17967414855957,2,5.108451798558237,40
24.21625518798828,2,4.717188525199891,38
24.30448341369629,2,4.638664466142654,37
18.65386390686035,2,3.680340367555617,32
34.34351348876953,3,9.752591642737386,54
26.266027450561523,2,5.1561995267868035,42
24.440879821777344,2,4.706143409013748,38
15.003729820251465,1,0.17927390038967062,23
24.383350372314453,2,4.707719910144801,38
43.02846145629883,3,11.4454868555069,70
10.995264053344727,1,-0.5864103406667711,17
27.033946990966797,2,5.253919231891635,43
42.638580322265625,3,11.396561470627784,70
35.838584899902344,3,10.049862861633304,57
26.268634796142578,2,5.073229086399081,40
36.32617950439453,3,10.11920574605465,58
39.87985610961914,3,10.877562895417217,66
37.12355041503906,3,10.351427367329595,62
34.237152099609375,3,9.742873978614808,54
24.387407302856445,2,4.788014298677444,41
39.44915771484375,3,10.714726293087002,62
34.308162689208984,3,9.77401469349861,54
39.34798049926758,3,10.74088978767395,62
34.244110107421875,3,9.709586563706397,55
34.24448776245117,3,9.74743111729622,55
34.31391143798828,3,9.738399201631543,54
24.38483238220215,2,4.709267145395277,38
34.243797302246094,3,9.693167942762368,53
24.37835693359375,2,4.673303821682929,39
36.531028747558594,3,10.16806625127792,60
34.24253845214844,3,9.760069540143014,59
36.139503479003906,3,10.050586971640586,60
25.480405807495117,2,4.913706752657895,41
11.198692321777344,1,-0.5395192921161645,19
34.3170051574707,3,9.834175592660905,54
24.155881881713867,2,4.763236922025683,37
14.500906944274902,1,0.08640554845332993,23
36.1273078918457,3,10.066113921999934,56
34.27600860595703,3,9.767723298072813,53
24.313600540161133,2,4.717021906375884,40
26.018396377563477,2,5.071619629859924,39
25.121824264526367,2,4.860992276668549,37
14.439518928527832,1,0.17299383282661385,24
13.466378211975098,1,-0.03625095486640806,22
26.342384338378906,2,5.0921436786651615,41
24.69071388244629,2,4.851138192415235,38
36.934974670410156,3,10.243487641215324,58
35.7362174987793,3,10.044614464044571,58
24.371999740600586,2,4.739284694194792,37
24.255353927612305,2,4.6869109779596325,38
14.47839069366455,1,0.14437108635902351,23
24.278379440307617,2,4.686627805233,38
27.015766143798828,2,5.226738920807842,41
42.28888702392578,3,11.297010588645932,68
27.27881622314453,2,5.282769939303401,42
26.392683029174805,2,5.095795315504073,41
35.73503112792969,3,10.03307077586651,56
33.150390625,3,9.53986138701439,52
36.59099578857422,3,10.179209318757058,59
24.404632568359375,2,4.7019360959529894,39
36.16832733154297,3,10.133545243740079,56
39.946449279785156,3,10.879350677132607,64
34.930538177490234,3,9.830173635482792,54
39.86903762817383,3,10.85375505387783,62
35.73919677734375,3,10.035585147142413,56
36.01866149902344,3,10.0461179792881,55
36.172828674316406,3,10.13635665774345,55
36.73226547241211,3,10.171704518795009,57
24.154918670654297,2,4.772074219584466,37
35.62803268432617,3,10.010669651627543,56
35.17479705810547,3,9.94504172205925,53
35.67892074584961,3,9.999185842275615,55
15.107562065124512,1,0.20328394770622182,23
37.10088348388672,3,10.213600417971612,54
35.98465347290039,3,10.041282123327257,55
24.259342193603516,2,4.641428071260453,36
34.059566497802734,3,9.683140876889226,52
37.14719772338867,3,10.271307647228245,57
36.46689987182617,3,10.195636564493181,57
34.51264953613281,3,9.816118544340135,53
36.371700286865234,3,10.140043184161183,55
35.82843017578125,3,9.947919869422915,52
34.97517395019531,3,9.795697376132011,51
36.038448333740234,3,9.993665820360189,53
37.225830078125,3,10.336988511681557,57
39.05457305908203,3,10.662589240074158,63
34.31696701049805,3,9.717471784353252,53
35.928932189941406,3,10.059031817317015,55
35.094173431396484,3,9.854206141829488,52
35.853355407714844,3,10.0272640645504,56
37.37561798095703,3,10.26320242881775,54
36.48966979980469,3,10.137473139166826,53
36.10881423950195,3,10.047183716297154,54
36.8140754699707,3,10.21394612193108,55
5.609184265136719,0,-3.893080544471741,10
35.15294647216797,3,9.9158971965313,52
37.1287956237793,3,10.275924178957943,56
36.0405387878418,3,10.032435926795,54
26.06366539001465,2,5.103491023182869,39
33.072776794433594,3,9.521461951732638,49
26.63612937927246,2,5.195056390762332,38
35.995906829833984,3,10.066446477174757,54
39.955997467041016,3,10.822837212681772,61
38.78990173339844,3,10.65340856313706,59
26.840681076049805,2,5.1478315770626075,38
35.84840393066406,3,10.04666194319725,57
35.98153305053711,3,10.008941835165025,55
36.65876007080078,3,10.163980886340138,56
35.947750091552734,3,10.031409192085269,55
27.071136474609375,2,5.253120920062063,40
41.46055603027344,3,11.133223000168805,63
36.563236236572266,3,10.154843145608906,55
15.281474113464355,1,0.18758828639984326,23
36.197330474853516,3,10.030256265401846,54
35.832862854003906,3,10.006425347924232,55
36.069854736328125,3,10.083975374698637,56
39.76762771606445,3,10.792488366365433,61
36.84345245361328,3,10.241606903076171,55
36.20193862915039,3,10.05155186057091,54
36.14278030395508,3,10.024397212266926,54
37.09579086303711,3,10.23686768710613,55
36.11151123046875,3,10.083433809876446,55
42.73066329956055,3,11.365315419435504,66
26.619787216186523,2,5.105232065916061,39
35.88652420043945,3,10.0569273263216,55
36.74040222167969,3,10.18550527691841,55
46.46312713623047,4,15.59890738427639,75
11.797297477722168,1,-0.44229253530502355,18
36.09889221191406,3,10.08276702165603,58
43.543521881103516,3,11.556587949395183,69
35.94752502441406,3,10.044485265016556,55
37.08171081542969,3,10.280176651477813,56
44.32103729248047,3,11.66420966982842,68
37.00676345825195,3,10.204550516605376,55
36.65022659301758,3,10.208963555097576,55
36.57968521118164,3,10.191494715213775,57
34.25337600708008,3,9.692210909724238,51
37.15772247314453,3,10.2420565366745,57
36.677947998046875,3,10.233370792865747,58
36.244632720947266,3,10.096612149477002,57
34.33535385131836,3,9.735777759551999,53
37.19216537475586,3,10.35887615382671,61
36.54240798950195,3,10.22358943521977,58
39.954368591308594,3,10.90687974393367,62
37.070560455322266,3,10.28189564496279,59
37.22032165527344,3,10.391984316706656,60
47.035465240478516,4,15.776130774617204,75
39.7137451171875,3,10.808978134393689,63
36.20207214355469,3,10.133130848407747,56
37.22929382324219,3,10.244447636604304,56
37.07537841796875,3,10.296368610858918,57
45.151973724365234,3,11.866028773784649,74
37.04481506347656,3,10.277473735809325,58
10.749673843383789,1,-0.665330877900125,17
10.1387357711792,1,-0.777232134342194,16
36.92641067504883,3,10.295093238353733,60
36.295162200927734,3,10.11604756712914,56
37.03583908081055,3,10.231697639822963,58
36.85617446899414,3,10.238637179136276,56
36.05771255493164,3,10.048637080192561,56
10.565707206726074,1,-0.7109874844551083,16
36.13468551635742,3,10.068527704477312,55
49.42842483520508,4,21.19988223016262,83
36.14986038208008,3,10.068901294469834,56
10.529956817626953,1,-0.7140584290027618,16
36.72853469848633,3,10.200691291689871,56
45.023529052734375,3,11.89082739651203,72
37.65288162231445,3,10.32599768042565,57
39.55133056640625,3,10.753090429306026,60
54.021942138671875,4,17.24514507353306,91
36.63883972167969,3,10.167731738090518,57
39.988006591796875,3,10.827163442969322,60
37.27413558959961,3,10.297339972853662,57
37.334716796875,3,10.34956673085689,57
37.33061599731445,3,10.32900902628899,56
36.95952224731445,3,10.283894833922387,55
10.658446311950684,1,-0.707095906138421,16
10.514184951782227,1,-0.7322827041149145,16
49.031856536865234,4,16.129193904995923,76
37.25998306274414,3,10.326642999052996,56
26.43427276611328,2,5.137444561719896,43
35.141971588134766,3,9.9535805106163,56
26.539989471435547,2,5.269298774003978,43
47.37555694580078,4,15.838200506567947,79
24.147687911987305,2,4.771606224775315,39
35.1902961730957,3,9.974990496039394,56
14.451398849487305,1,0.1726359009742744,24
24.93962287902832,2,4.849216818809513,38
26.354068756103516,2,5.170503067970278,42
14.09040641784668,1,0.048500818014145075,22
26.555776596069336,2,5.191213876008982,41
36.12805938720703,3,10.090025377273552,57
35.233097076416016,3,9.95317333042622,56
26.79233741760254,2,5.317220678925516,44
25.335851669311523,2,4.9308290123939535,40
35.234474182128906,3,9.939025980234149,57
34.361873626708984,3,9.781887155771257,55
36.637664794921875,3,15.29934973716736,65
14.714984893798828,1,0.17633625864982516,23
35.29572296142578,3,9.984911626577377,59
26.91765785217285,2,5.268375033140183,41
34.83893966674805,3,9.906764557957649,59
35.18570327758789,3,9.966042506694794,58
35.00460433959961,3,9.917419904470446,58
35.24251174926758,3,9.968020817637443,59
35.16735076904297,3,9.946572750806807,56
14.86612606048584,1,0.1819887220859524,23
25.801973342895508,2,5.057793712615966,41
24.201885223388672,2,4.748555773496628,40
35.265071868896484,3,10.01971177458763,62
35.183929443359375,3,10.018450516462327,59
26.765581130981445,2,5.210706496238705,44
34.639835357666016,3,9.879131776094436,58
35.12762451171875,3,9.911527058482168,56
35.09291458129883,3,9.932967603206633,56
5.584593296051025,0,-3.9060638040304183,10
5.507692337036133,0,-3.848775678873062,10
35.4786491394043,3,9.954447180032732,56
35.26564407348633,3,9.956869316101075,58
40.271690368652344,3,10.968962693214417,67
35.25851821899414,3,9.99442471563816,58
13.307913780212402,1,-0.11286109983921122,22
35.23224639892578,3,9.942129182815556,56
35.06251525878906,3,9.916264015436168,58
35.16284942626953,3,9.934144639968876,58
34.91933822631836,3,9.886213123798372,56
35.78158950805664,3,10.090203684568408,59
14.607888221740723,1,0.20133739411830653,26
24.30514144897461,2,4.736221334338191,39
34.77328109741211,3,9.872538265585897,58
35.663997650146484,3,10.099626100063324,60
35.62899398803711,3,9.998232540488242,59
35.25783157348633,3,9.973701903223992,59
14.836134910583496,1,0.2688213735818854,24
35.055084228515625,3,9.88273003995418,56
35.13601303100586,3,9.959777468442914,57
35.434329986572266,3,10.0467297643423,59
14.594927787780762,1,0.19401225447654724,23
35.95842361450195,3,10.139980384707453,59
14.59147834777832,1,0.20696160793304497,25
35.851112365722656,3,10.057210376858709,57
14.7556791305542,1,0.2304609954357142,24
35.12410354614258,3,9.903674674034123,57
35.29573440551758,3,10.006531703472136,58
35.194923400878906,3,9.98747583031655,60
35.437252044677734,3,10.02095677852631,58
27.097373962402344,2,5.3699975967407205,43
35.35712814331055,3,9.980808010697363,57
34.90983581542969,3,9.935909765958783,57
34.74052429199219,3,9.84320174455642,57
36.812564849853516,3,10.241181829571726,60
35.446533203125,3,10.021904799342158,59
35.440284729003906,3,9.988020741939549,57
12.299405097961426,1,-0.30216315388679504,21
35.38585662841797,3,10.028219491243364,58
34.9024658203125,3,9.887944716215136,57
35.80256271362305,3,10.082905873656271,61
35.125450134277344,3,9.948811745643615,58
57.47626876831055,5,26.70124554634095,93
34.932464599609375,3,9.884213376045224,57
35.34942626953125,3,9.944480103254321,56
35.427940368652344,3,10.031710314750672,61
35.29037857055664,3,9.974427711963653,57
35.060279846191406,3,9.911553019285206,55
20.999052047729492,2,4.129323130846021,36
25.3259334564209,2,4.923444128036497,41
35.329811096191406,3,10.002539274096488,58
34.817501068115234,3,9.911331549286842,57
35.48595428466797,3,10.031517863273624,61
26.753873825073242,2,5.2492210119962674,44
35.57710647583008,3,10.063960298895832,59
35.536109924316406,3,9.995112347602841,57
35.19378662109375,3,9.980285122990606,56
35.15008544921875,3,9.96528160572052,59
35.35514450073242,3,10.003942686319348,56
35.36506652832031,3,10.033727875351904,58
35.34511947631836,3,9.93628046512604,57
35.07942581176758,3,9.970933103561396,57
35.31922149658203,3,9.99510115683079,61
35.12437438964844,3,10.016164761781692,60
24.223901748657227,2,4.7167209088802355,40
35.08488082885742,3,9.97962584197521,55
34.98721694946289,3,9.921357929706575,57
34.97636795043945,3,9.982319909334182,59
35.18897247314453,3,9.918270605802533,55
35.09034729003906,3,9.950686481595035,57
34.84254455566406,3,9.93966689109802,55
35.11845397949219,3,9.943751513957977,54
35.11266326904297,3,9.936641988158227,55
24.206409454345703,2,4.697161272168158,37
35.242576599121094,3,10.00254984796047,57
34.52442932128906,3,9.797688245773317,53
36.89155960083008,3,10.28595458865166,59
36.40198516845703,3,10.182055062055591,61
35.280094146728516,3,9.953349417448045,56
35.33246994018555,3,9.989278864860538,57
24.261396408081055,2,4.801037076115607,39
35.27638244628906,3,10.003836566209786,58
37.27565002441406,3,10.363420295715324,63
37.47806930541992,3,10.406233966350557,64
35.23897933959961,3,9.93948250412941,58
35.41919708251953,3,9.986046501994135,58
35.07334518432617,3,9.94327477514744,58
35.965850830078125,3,10.212438574433332,62
34.73923873901367,3,14.862093800306322,58
37.331825256347656,3,10.434032773971554,61
35.21535110473633,3,9.96042832136154,56
35.27030563354492,3,9.933155971765515,56
35.41896057128906,3,9.98453888297081,56
35.085453033447266,3,9.957396444678306,57
34.7783203125,3,9.881758183240892,55
10.809711456298828,1,-0.6612614065408708,17
26.318052291870117,2,5.191817271709443,43
35.54100036621094,3,10.027020789682862,61
35.35478973388672,3,10.021140429377558,56
14.588618278503418,1,0.19742385149002217,24
35.2101936340332,3,10.030661219358443,59
36.02826690673828,3,10.120705646276477,59
39.71409606933594,3,10.816198989748957,66
34.241756439208984,3,9.802200949192045,57
35.42138671875,3,9.984005886316298,58
34.19977569580078,3,9.764219185709953,57
10.401965141296387,1,-0.7392596065998074,16
34.93609619140625,3,9.902973479032521,55
41.055763244628906,3,11.062389969825741,67
37.378597259521484,3,10.349068769812583,60
15.418693542480469,1,0.28703995943069316,25
24.262901306152344,2,4.711642256379129,38
24.6933536529541,2,4.839348107576376,39
35.05207443237305,3,9.9421707034111,58
24.649654388427734,2,4.854854512214658,40
37.207420349121094,3,10.351601898670195,60
39.580047607421875,3,10.843550181388858,67
35.65907669067383,3,10.025284770131112,56
57.27312469482422,5,26.653462743759164,89
34.995262145996094,3,9.910607481002812,57
35.30137634277344,3,9.955407571792602,57
57.514747619628906,5,26.809139150381082,99
10.216368675231934,1,-0.7700684636831294,16
35.449031829833984,3,10.015210425853729,58
34.7534294128418,3,9.887818086147306,57
36.10385513305664,3,10.138842841982841,58
35.45302963256836,3,9.983615422248837,57
34.81840896606445,3,9.930499559640884,57
37.61279296875,3,10.391599774360655,63
35.40995407104492,3,9.981139647960664,58
35.28620147705078,3,9.987382215261453,59
34.3370246887207,3,9.729448145627975,53
35.0064582824707,3,9.928271931409837,59
42.270565032958984,3,11.413044416904452,71
36.2298469543457,3,10.157940244674684,58
34.469329833984375,3,9.853590151667598,56
25.37400245666504,2,4.9880390912294335,41
35.22108459472656,3,9.98557404279709,58
37.250694274902344,3,10.389142027497293,62
26.55283546447754,2,5.1942957580089555,42
35.06953430175781,3,9.969295984506603,58
35.1080322265625,3,9.905062305927274,57
37.05903244018555,3,10.262431958317762,61
14.699094772338867,1,0.13681015968322718,23
35.281917572021484,3,10.025020620226856,59
35.58182907104492,3,10.038132274150849,59
40.03899002075195,3,10.932360216975214,66
34.94432830810547,3,9.902562803030012,56
5.499655723571777,0,-3.889451968669891,10
34.38685989379883,3,9.770176029205322,54
35.543270111083984,3,9.96876300573349,57
37.263427734375,3,10.33939291834831,62
40.325931549072266,3,11.03251565396786,69
13.041252136230469,1,-0.15948381721973437,21
37.32029724121094,3,10.395707073807712,62
34.25079345703125,3,9.785042697191237,57
10.965468406677246,1,-0.5680123567581177,18
40.37592697143555,3,10.952004218101502,67
34.373802185058594,3,9.746806240081785,55
34.22417449951172,3,9.758337974548338,54
35.9370002746582,3,10.135109791159627,58
39.66871643066406,3,10.821482548117634,65
14.80384349822998,1,0.24432339966297079,24
39.72277069091797,3,10.862570965290065,65
39.21134567260742,3,10.781794172525403,64
37.88286590576172,3,10.453817594051362,65
34.216468811035156,3,9.739092636108396,53
14.422820091247559,1,0.19202338755130732,25
34.2553825378418,3,9.761657741665841,56
40.71751403808594,3,11.078018552064893,65
24.23996925354004,2,4.696766719222071,40
14.793106079101562,1,0.21069700419902748,24
24.158592224121094,2,4.777298691868786,38
13.169346809387207,1,-0.09406360089778776,21
17.917137145996094,2,3.5021939158439626,29
24.177148818969727,2,9.71592473387718,39
8.073305130004883,1,-1.146061271429062,13
24.28515625,2,4.922514015063642,44
34.31294631958008,3,9.764073637127874,55
34.31175994873047,3,9.742977952957148,53
24.195398330688477,2,4.744613406062127,40
10.518006324768066,1,-0.7304251670837401,15
24.221044540405273,2,4.721566641330718,38
34.165409088134766,3,14.80923358201981,57
24.105600357055664,2,9.739208927750587,38
40.37592697143555,3,10.952004218101502,67
34.373802185058594,3,9.746806240081785,55
34.22417449951172,3,9.758337974548338,54
35.9370002746582,3,10.135109791159627,58
39.66871643066406,3,10.821482548117634,65
14.80384349822998,1,0.24432339966297079,24
39.72277069091797,3,10.862570965290065,65
39.21134567260742,3,10.781794172525403,64
37.88286590576172,3,10.453817594051362,65
34.216468811035156,3,9.739092636108396,53
39.4483528137207,3,10.82029519677162,62
41.84698486328125,3,11.285583221912383,71
24.274330139160156,2,4.707296961545943,38
34.366390228271484,3,9.856711717695001,56
11.598440170288086,1,-0.4011091917753218,19
37.85906982421875,3,15.460743165016169,64
40.065704345703125,3,10.895299422740935,67
10.49341869354248,1,-0.7258427292108536,16
37.255706787109375,3,10.327649363875386,60
24.298086166381836,2,4.791589200496674,40
35.376182556152344,3,9.98256588578224,58
34.184322357177734,3,14.701570183038713,59
39.95185470581055,3,10.823023688793182,61
34.9465217590332,3,9.888179567456243,56
34.31528854370117,3,9.840095335245135,56
39.98107147216797,3,10.878445306420328,65
34.34926986694336,3,9.772630476951596,56
39.16994857788086,3,10.706800791621209,62
36.135555267333984,3,10.174509710073465,60
34.10516357421875,3,14.72850447297096,54
34.151912689208984,3,9.786960935592655,56
39.71409606933594,3,10.816198989748957,66
34.241756439208984,3,9.802200949192045,57
35.42138671875,3,9.984005886316298,58
34.19977569580078,3,9.764219185709953,57
10.401965141296387,1,-0.7392596065998074,16
34.93609619140625,3,9.902973479032521,55
41.055763244628906,3,11.062389969825741,67
37.378597259521484,3,10.349068769812583,60
15.418693542480469,1,0.28703995943069316,25
24.262901306152344,2,4.711642256379129,38
24.6933536529541,2,4.839348107576376,39
35.05207443237305,3,9.9421707034111,58
24.649654388427734,2,4.854854512214658,40
37.207420349121094,3,10.351601898670195,60
39.580047607421875,3,10.843550181388858,67
35.65907669067383,3,10.025284770131112,56
57.27312469482422,5,26.653462743759164,89
34.995262145996094,3,9.910607481002812,57
35.30137634277344,3,9.955407571792602,57
57.514747619628906,5,26.809139150381082,99
36.1351318359375,3,10.154336205124853,60
35.2820930480957,3,10.014889043569562,59
10.601134300231934,1,-0.6737407237291331,18
57.2440071105957,5,26.779365640878677,95
57.33467102050781,5,26.702749088406566,93
10.65019416809082,1,-0.6683013856410982,18
14.733391761779785,1,0.20511305332183927,26
10.704050064086914,1,-0.6524889886379244,18
57.116485595703125,5,26.709195363521584,96
34.83348846435547,3,9.870135188102722,59
57.07624816894531,5,26.663584825396526,94
57.322574615478516,5,26.701721468567847,94
57.5396728515625,5,26.74950466454029,94
57.40027618408203,5,26.74847357869148,94
57.27312469482422,5,26.653462743759164,89
34.995262145996094,3,9.910607481002812,57
35.30137634277344,3,9.955407571792602,57
57.514747619628906,5,26.809139150381082,99
36.1351318359375,3,10.154336205124853,60
35.2820930480957,3,10.014889043569562,59
10.601134300231934,1,-0.6737407237291331,18
57.2440071105957,5,26.779365640878677,95
57.33467102050781,5,26.702749088406566,93
10.65019416809082,1,-0.6683013856410982,18
14.733391761779785,1,0.20511305332183927,26
10.704050064086914,1,-0.6524889886379244,18
57.116485595703125,5,26.709195363521584,96
34.83348846435547,3,9.870135188102722,59
57.07624816894531,5,26.663584825396526,94
57.322574615478516,5,26.701721468567847,94
57.5396728515625,5,26.74950466454029,94
57.40027618408203,5,26.74847357869148,94